LABELED,Name1,Address1,City,State,Zip1
Exclusive Savings ,Total Wireless,1810 W Southern Ave Suite 103, Phoenix, AZ,85041
Exclusive Savings ,Total Wireless,3348 W Van Buren St B, Phoenix, AZ,85009
Exclusive Savings ,Total Wireless,5233 S Central Ave unit a 09, Phoenix, AZ,85040
Exclusive Savings ,Total Wireless,1940 W Indian School Rd #7, Phoenix, AZ,85015
Exclusive Savings ,Total Wireless,664 Palomar St #1102, Chula Vista, CA,91911
Exclusive Savings ,Total Wireless,985 Broadway G, Chula Vista, CA,91911
Exclusive Savings ,Total Wireless,364 N 2nd St, El Cajon, CA,92021
Exclusive Savings ,Total Wireless,705 S Alvarado St, Los Angeles, CA,90057
Exclusive Savings ,Total Wireless,2210 W Pico Blvd, Los Angeles, CA,90006
Exclusive Savings ,Total Wireless,600 S Alvarado St #111c, Los Angeles, CA,90057
Exclusive Savings ,Total Wireless,827 S Vermont Ave, Los Angeles, CA,90005
Exclusive Savings ,Total Wireless,1500 E Florence Ave Unit B, Los Angeles, CA,90001
Exclusive Savings ,Total Wireless,3347 Foothill Blvd, Oakland, CA,94601
Exclusive Savings ,Total Wireless,3823 MacArthur Blvd, Oakland, CA,94619
Exclusive Savings ,Total Wireless,3836 LA Sierra Ave Ste B, Riverside, CA,92505
Exclusive Savings ,Total Wireless,7900 Limonite Ave H, Riverside, CA,92509
Exclusive Savings ,Total Wireless,2407 Northgate Blvd, Sacramento, CA,95833
Exclusive Savings ,Total Wireless,711 Stony Point Rd #10, Santa Rosa, CA,95407
Exclusive Savings ,Total Wireless,3080 Marlow Rd a2, Santa Rosa, CA,95403
Exclusive Savings ,Total Wireless,4149 Tweedy Blvd Ste M, South Gate, CA,90280
Exclusive Savings ,Total Wireless,625 Sweetwater Rd, Spring Valley, CA,91977
Exclusive Savings ,Total Wireless,2923 W Capitol Ave, West Sacramento, CA,95691
Exclusive Savings ,Total Wireless,920 Colusa Ave C, Yuba City, CA,95991
Exclusive Savings ,Total Wireless,1215 Colusa Ave C313, Yuba City, CA,95991
Exclusive Savings ,Total Wireless,256 Washington Ave, Homestead, FL,33030
Exclusive Savings ,Total Wireless,3715 West Vine St, Kissimmee, FL,34741
Exclusive Savings ,Total Wireless,1337 E Vine St, Kissimmee, FL,34744
Exclusive Savings ,Total Wireless,1706 NW 36th St, Miami, FL,33142
Exclusive Savings ,Total Wireless,133 Ne 54 St, Miami, FL,33137
Exclusive Savings ,Total Wireless,15912 SW 137th Ave, Miami, FL,33137
Exclusive Savings ,Total Wireless,1764 E Silver Star Rd, Ocoee, FL,34761
Exclusive Savings ,Total Wireless,1045 S Dillard St, Winter Garden, FL,34787
Exclusive Savings ,Total Wireless,2841 Greenbriar Pkwy SW Suite N450, Atlanta, GA,30331
Exclusive Savings ,Total Wireless,5658 Riverdale Rd U, Atlanta, GA,30349
Exclusive Savings ,Total Wireless,1985 Campbellton Rd SW UNIT 4, Atlanta, GA,30311
Exclusive Savings ,Total Wireless,1500 Pleasant Hill Rd #110, Duluth, GA,30096
Exclusive Savings ,Total Wireless,2078 Beaver Ruin Rd #400, Norcross, GA,30071
Exclusive Savings ,Total Wireless,6552 Highway 85 B, Riverdale, GA,30274
Exclusive Savings ,Total Wireless,229 W Grand Ave Suite E, Bensenville, IL,60106
Exclusive Savings ,Total Wireless,1443 W 18th St, Chicago, IL,60608
Exclusive Savings ,Total Wireless,4801 W Armitage Ave, Chicago, IL,60639
Exclusive Savings ,Total Wireless,7961 S Cicero Ave, Chicago, IL,60652
Exclusive Savings ,Total Wireless,5601 W Belmont Ave, Chicago, IL,60634
Exclusive Savings ,Total Wireless,3735 W 26th Street, Chicago, IL,60623
Exclusive Savings ,Total Wireless,4640-a W Diversey Ave, Chicago, IL,60639
Exclusive Savings ,Total Wireless,215 E 47th St, Chicago, IL,60653
Exclusive Savings ,Total Wireless,1276 E Dundee Rd, Palatine, IL,60074
Exclusive Savings ,Total Wireless,902 Bode Rd, Schaumburg, IL,60194
Exclusive Savings ,Total Wireless,1822 Pennsylvania Ave Unit 1, Baltimore, MD,21217
Exclusive Savings ,Total Wireless,3727 Eastern Ave, Baltimore, MD,21224
Exclusive Savings ,Total Wireless,2442 N Charles St, Baltimore, MD,21218
Exclusive Savings ,Total Wireless,2121 E Monument St, Baltimore, MD,21205
Exclusive Savings ,Total Wireless,11000 Baltimore Ave #110, Beltsville, MD,20705
Exclusive Savings ,Total Wireless,5692 Silver Hill Rd, District Hts, MD,20747
Exclusive Savings ,Total Wireless,6120 Greenbelt Rd Unit 30B, Greenbelt, MD,20770
Exclusive Savings ,Total Wireless,1500-a University Blvd, Hyattsville, MD,20783
Exclusive Savings ,Total Wireless,1305 University Blvd E, Takoma Park, MD,20912
Exclusive Savings ,Total Wireless,7085 Allentown Rd, Temple Hills, MD,20748
Exclusive Savings ,Total Wireless,2960 W Davison St, Detroit, MI,48238
Exclusive Savings ,Total Wireless,7727 E 7 Mile Rd, Detroit, MI,48234
Exclusive Savings ,Total Wireless,14331 Livernois Ave, Detroit, MI,48238
Exclusive Savings ,Total Wireless,9701 Harper Ave Unit A, Detroit, MI,48213
Exclusive Savings ,Total Wireless,22816 John R Rd, Hazel Park, MI,48030
Exclusive Savings ,Total Wireless,17724 Frazho Rd, Roseville, MI,48066
Exclusive Savings ,Total Wireless,154 Market St, Paterson, NJ,7505
Exclusive Savings ,Total Wireless,136 Main St, Paterson, NJ,7505
Exclusive Savings ,Total Wireless,1037 S Broad St, Trenton, NJ,8611
Exclusive Savings ,Total Wireless,507 Hamilton Ave, Trenton, NJ,8609
Exclusive Savings ,Total Wireless,4008 Bergenline Ave, Union City, NJ,7087
Exclusive Savings ,Total Wireless,4900 Bergenline Ave b2, Union City, NJ,7087
Exclusive Savings ,Total Wireless,881 E Tremont Ave, Bronx, NY,10460
Exclusive Savings ,Total Wireless,1175 Webster Ave, Bronx, NY,10456
Exclusive Savings ,Total Wireless,419a Mother Gaston Blvd, Brooklyn, NY,11212
Exclusive Savings ,Total Wireless,1600 Pitkin Ave, Brooklyn, NY,11212
Exclusive Savings ,Total Wireless,17010 Jamaica Ave, Jamaica, NY,11432
Exclusive Savings ,Total Wireless,16424 Jamaica Ave, Jamaica, NY,11432
Exclusive Savings ,Total Wireless,105 Clinton St, New York, NY,10002
Exclusive Savings ,Total Wireless,199 Ave A, New York, NY,10009
Exclusive Savings ,Total Wireless,2644 Germantown Ave, Philadelphia, PA,19133
Exclusive Savings ,Total Wireless,2026 Cottman Ave, Philadelphia, PA,19149
Exclusive Savings ,Total Wireless,2701 North Broad St, Philadelphia, PA,19132
Exclusive Savings ,Total Wireless,6645 Castor Ave, Philadelphia, PA,19149
Exclusive Savings ,Total Wireless,1212 S Gordon St B, Alvin, TX,77511
Exclusive Savings ,Total Wireless,11255 Garland Rd #1100, Dallas, TX,75218
Exclusive Savings ,Total Wireless,10560 Walnut St #600, Dallas, TX,75243
Exclusive Savings ,Total Wireless,10528 Garland Rd, Dallas, TX,75218
Exclusive Savings ,Total Wireless,4012 Dickinson Ave Suite 4010, Dickinson, TX,77539
Exclusive Savings ,Total Wireless,520 N Jupiter Rd Suite G, Garland, TX,75042
Exclusive Savings ,Total Wireless,7121 Cullen Blvd Suite A1, Houston, TX,77021
Exclusive Savings ,Total Wireless,6801 Harrisburg Blvd, Houston, TX,77011
Exclusive Savings ,Total Wireless,2867 S Richey St, Houston, TX,77017
Exclusive Savings ,Total Wireless,7111 Martin Luther King Blvd Ste. B, Houston, TX,77033
Exclusive Savings ,Total Wireless,3341 Telephone Rd Suite 112, Houston, TX,77023
Exclusive Savings ,Total Wireless,2728 W Irving Blvd, Irving, TX,75061
Exclusive Savings ,Total Wireless,1816 W Irving Blvd, Irving, TX,75061
Exclusive Savings ,Total Wireless,3809 Shaver St #110, Pasadena, TX,77504
Exclusive Savings ,Total Wireless,11545 West Ave, San Antonio, TX,78213
Exclusive Savings ,Total Wireless,8529 Perrin Beitel, San Antonio, TX,78217
Exclusive Savings ,Total Wireless,7475 W Military Dr #107B, San Antonio, TX,78227
Exclusive Savings ,Total Wireless,1550 Austin Hwy #109, San Antonio, TX,78218
Exclusive Savings ,Total Wireless,6322 FM Rd 78 Suite 125, San Antonio, TX,78244
Exclusive Savings ,Total Wireless,4438 Culebra Rd #3, San Antonio, TX,78228
Exclusive Savings ,Total Wireless,18460 Highway 12,Sonoma,CA,95476
Exclusive Savings ,Total Wireless,2979 Jefferson St,Napa,CA,94558
